{"blocks":{"languageVersion":0,"blocks":[{"type":"when_started","id":"Q!^ZqS4/(a/0XL$cIi-~","x":-210,"y":81,"fields":{"start_type":"RUN"},"next":{"block":{"type":"i2c_init","id":"XOu3;zPAU.Xbh^LFw`GH","fields":{"id":"0","freq":100000},"next":{"block":{"type":"stepper_wheels_init","id":"1dq7B/-!ul[rrjrAHJ^G","fields":{"id":"i2c0","addr":"85"},"next":{"block":{"type":"stepper_wheels_init_mecanum","id":"qp|.hjsi^q)wD9gYN_VD","fields":{"motor0":0,"motor1":1,"motor2":2,"motor3":3,"max_speed":400},"next":{"block":{"type":"stepper_wheels_enable","id":"VSm|`6f2J|/@K/bI{_nQ","fields":{"enable":"disable"},"next":{"block":{"type":"i2c_init","id":"=[@VSOscL`tE[ZQS5$11","fields":{"id":"1","freq":100000},"next":{"block":{"type":"pca9685_init","id":"?4XIST-2$^;6=sM5^@dY","fields":{"id":"i2c1","addr":"64"},"next":{"block":{"type":"i2c_init_with_pins","id":"M;QGjc*igy#:1!5kdGU5","fields":{"id":"softI2c0","scl":32,"sda":33,"freq":100000},"next":{"block":{"type":"amg8833_init","id":"nWiLGj)B%k|L_)D+Fl77","fields":{"id":"softI2c0","addr":"105"},"next":{"block":{"type":"ez_timer_init","id":".}PH!%I]UPghtaT1r#d:","next":{"block":{"type":"text_print","id":"@SO_)VEnjmlJBm~w5]O0","inputs":{"TEXT":{"shadow":{"type":"text","id":",Ub3029xgPIfgnhboMJ,","fields":{"TEXT":"Devices Initialised"}}}},"next":{"block":{"type":"digital_write_pin","id":"08Ny69q`/6`j$wssm$$a","fields":{"pin":"2"},"inputs":{"value":{"shadow":{"type":"math_number","id":"qyZv!$_-lUZ8L!^NEgex","fields":{"NUM":1}}}},"next":{"block":{"type":"connect_to_wifi","id":"/4lB%=fih0av==FE[sCj","fields":{"ssid":"","password":"password"},"next":{"block":{"type":"text_print","id":"pc#%_ih918tOHCX`Vaf=","inputs":{"TEXT":{"shadow":{"type":"text","id":"|o|Y*%6dLyj])`4BIla[","fields":{"TEXT":"WIFI Connected"}}}},"next":{"block":{"type":"mqtt_connect_to_server","id":"Q`$[$DZY2Q!TB;}f*br@","fields":{"server":"mqtt.a9i.sg","port":"1883","name":"ioty567","password":"ioty567","ssl":"NO_SSL"},"next":{"block":{"type":"text_print","id":"ojAqU`T~(|]hu:qnk@Jq","inputs":{"TEXT":{"shadow":{"type":"text","id":"QzlAvC4p*s+#!oG)%(^6","fields":{"TEXT":"MQTT Connected "}}}},"next":{"block":{"type":"digital_write_pin","id":"+nc9B6W^p[_AREhU/zy3","fields":{"pin":"2"},"inputs":{"value":{"shadow":{"type":"math_number","id":"CJvS!w6~6*(BC)}KbNo+","fields":{"NUM":0}}}},"next":{"block":{"type":"controls_whileUntil","id":"h6Y/qCHFy0FO]~sv,,=u","fields":{"MODE":"WHILE"},"inputs":{"BOOL":{"shadow":{"type":"logic_boolean","id":"@TpJz$s@~V-ngJp4tV%*","fields":{"BOOL":"TRUE"}}},"DO":{"block":{"type":"mqtt_check_msg","id":"0zp+`LZoECs.uM7foREK","next":{"block":{"type":"ez_timer_update","id":"N`_F6nOc)_p~OT;nJOB|"}}}}}}}}}}}}}}}}}}}}}}}}}}}}}}}}}}}}}}}},{"type":"mqtt_on_receive","id":"bvV~Ye,xH|{IMu6ENcTW","x":-208,"y":683,"fields":{"topic":"ioty567"},"inputs":{"statements":{"block":{"type":"variables_set","id":"o9d^:M~8;VX(Od5A0y$5","fields":{"VAR":{"id":"g0Q_mv`;cEh+{;[VLn;q"}},"inputs":{"VALUE":{"block":{"type":"lists_split","id":"CRBh`5rp36Z0tA(9K+W{","fields":{"MODE":"SPLIT"},"inputs":{"INPUT":{"block":{"type":"mqtt_msg","id":"DPw5@v%E+*3]2H42q?#}"}},"DELIM":{"shadow":{"type":"text","id":"ur%YBnnC?hF1a=B9S/I2","fields":{"TEXT":","}}}}}}},"next":{"block":{"type":"variables_set","id":"*j($.=RmtX`4PSH$_xq6","fields":{"VAR":{"id":"?qnC)Qbnzhi0^0Ra:8D;"}},"inputs":{"VALUE":{"block":{"type":"type_cast","id":"OPC*`xB?n[9Mb:;dp/E#","fields":{"type":"FLOAT"},"inputs":{"value":{"block":{"type":"lists_getIndex","id":"0OrrCi%em~C*H1fa7C:G","fields":{"MODE":"GET","WHERE":"FROM_START"},"inputs":{"VALUE":{"block":{"type":"variables_get","id":"Zr=3LIBrr1S@P78[-/oU","fields":{"VAR":{"id":"g0Q_mv`;cEh+{;[VLn;q"}}}},"AT":{"shadow":{"type":"math_number","id":"{8WCC,^Yb8hkJHfPm1]l","fields":{"NUM":0}}}}}}}}}},"next":{"block":{"type":"variables_set","id":"xaUc)+3DD%ZblKJVU]~!","fields":{"VAR":{"id":"emeg8Fx:#piYNEe=Gc|M"}},"inputs":{"VALUE":{"block":{"type":"type_cast","id":"`Y?_!XlZ(_z624$n+Za|","fields":{"type":"FLOAT"},"inputs":{"value":{"block":{"type":"lists_getIndex","id":"|M}+Q3v=]ep@{ffs+93}","fields":{"MODE":"GET","WHERE":"FROM_START"},"inputs":{"VALUE":{"block":{"type":"variables_get","id":"(a6^1YHMOYck(O^;Y:!o","fields":{"VAR":{"id":"g0Q_mv`;cEh+{;[VLn;q"}}}},"AT":{"shadow":{"type":"math_number","id":"=7{yt%#b5ko+:]=3*_7i","fields":{"NUM":1}}}}}}}}}},"next":{"block":{"type":"controls_if","id":"4B_vv+eW91*v5Enx%li;","extraState":{"hasElse":true},"inputs":{"IF0":{"block":{"type":"logic_compare","id":"8_S0pz^`y}oa1YC1*vw,","fields":{"OP":"EQ"},"inputs":{"A":{"shadow":{"type":"math_number","id":"H$LUykB@OT-w[Z)QzrRP","fields":{"NUM":0}},"block":{"type":"variables_get","id":"}@p]Ee5^9%yE$FdnOj1;","fields":{"VAR":{"id":"emeg8Fx:#piYNEe=Gc|M"}}}},"B":{"shadow":{"type":"math_number","id":"|gAwFL}_*EOu-gOpFL+:","fields":{"NUM":0}}}}}},"DO0":{"block":{"type":"stepper_wheels_enable","id":"LfcMcTsEx(LLw2;REN*M","fields":{"enable":"disable"}}},"ELSE":{"block":{"type":"stepper_wheels_enable","id":"Se681PM)dm}ZN8}]X}Aw","fields":{"enable":"enable"}}}},"next":{"block":{"type":"stepper_wheels_mecanum_move_turn","id":"jU|MNmUw8M+~8h]-@,B{","inputs":{"direction":{"shadow":{"type":"math_number","id":"c6FF[}[hlK*UiH67E*3d","fields":{"NUM":"0"}},"block":{"type":"variables_get","id":"]k!)l5!M[+;%h2_nrm]#","fields":{"VAR":{"id":"?qnC)Qbnzhi0^0Ra:8D;"}}}},"speed":{"shadow":{"type":"math_number","id":"#h49!1or3~dF89yH.r;G","fields":{"NUM":200}},"block":{"type":"variables_get","id":",2Y7M5Jqxsg([8A4y)jQ","fields":{"VAR":{"id":"emeg8Fx:#piYNEe=Gc|M"}}}},"turn":{"shadow":{"type":"math_number","id":"{AaePtLRs(h[/(=[1R~#","fields":{"NUM":0}}}}}}}}}}}}}}}},{"type":"mqtt_on_receive","id":"i,e@cD(EXIYcZDru156R","x":-197,"y":1023,"fields":{"topic":"ioty567"},"inputs":{"statements":{"block":{"type":"controls_if","id":"{dPC$ow,;pc:aYF%i73}","extraState":{"hasElse":true},"inputs":{"IF0":{"block":{"type":"logic_compare","id":"$q^55NgyvJS=vdeFgWr$","fields":{"OP":"EQ"},"inputs":{"A":{"block":{"type":"mqtt_msg","id":"#r/KYKAx/}(VFT.MYNEr"}},"B":{"block":{"type":"text","id":"=O^lmFY2WwS$#L*@9,=B","fields":{"TEXT":"Press"}}}}}},"DO0":{"block":{"type":"stepper_wheels_enable","id":"At4=:OzN.p(e+~nS!ntl","fields":{"enable":"enable"},"next":{"block":{"type":"stepper_wheels_mecanum_move_turn","id":":!PVrN|B#10#5H2d2;o_","inputs":{"direction":{"shadow":{"type":"math_number","id":"8rXfZ^+J~RgO2O?~^*IM","fields":{"NUM":0}}},"speed":{"shadow":{"type":"math_number","id":"6CjWel#07_Kwgsbo%#Dx","fields":{"NUM":0}}},"turn":{"shadow":{"type":"math_number","id":"|AXn0Q9KCaT)QkuvwD:!","fields":{"NUM":-100}}}}}}}},"ELSE":{"block":{"type":"stepper_wheels_enable","id":"78M#OuT]b?0pNb|y;;[Z","fields":{"enable":"disable"},"next":{"block":{"type":"stepper_wheels_mecanum_move_turn","id":"x?/Iwch8OP}syebKA^$2","inputs":{"direction":{"shadow":{"type":"math_number","id":"+=-7Y.4slITnBaPlv=Gg","fields":{"NUM":0}}},"speed":{"shadow":{"type":"math_number","id":"Q8V/?j.QwfPKu0^cLz;?","fields":{"NUM":0}}},"turn":{"shadow":{"type":"math_number","id":"/0iA%9]ivq4*({pfq5d[","fields":{"NUM":0}}}}}}}}}}}}},{"type":"mqtt_on_receive","id":"vvBncXVPxoWXl.f:)q`Q","x":-197,"y":1304,"fields":{"topic":"ioty567"},"inputs":{"statements":{"block":{"type":"pca9685_write_angle","id":"912X^DmHi[*}.+uu43w1","inputs":{"channel":{"shadow":{"type":"math_number","id":"KY*W._AH[ko@IW$+NIXU","fields":{"NUM":12}}},"value":{"shadow":{"type":"math_number","id":"_)kDeyue.1vkSC?{Q=N3","fields":{"NUM":180}},"block":{"type":"type_cast","id":"{ibU9zR]wBH57eR,s]VX","fields":{"type":"INTEGER"},"inputs":{"value":{"block":{"type":"mqtt_msg","id":"AbfP3k=B6w.j|nP/9!X6"}}}}}}}}}},{"type":"mqtt_on_receive","id":"q/K`WMul^IO};[_aYaf=","x":-206,"y":1407,"fields":{"topic":"ioty567"},"inputs":{"statements":{"block":{"type":"pca9685_write_angle","id":"oZ5Lg@!EIw6w2lkbq?jY","inputs":{"channel":{"shadow":{"type":"math_number","id":"oqa30YE;1).SC70jsf$R","fields":{"NUM":14}}},"value":{"shadow":{"type":"math_number","id":"_)kDeyue.1vkSC?{Q=N3","fields":{"NUM":180}},"block":{"type":"type_cast","id":"9m)M|$7G*f)GN?5]##Sr","fields":{"type":"INTEGER"},"inputs":{"value":{"block":{"type":"mqtt_msg","id":"tc$Y=Y]!Lm2kPc+kbcNA"}}}}}}}}}},{"type":"ez_timer_cb","id":"G$S]1I*PaUNN~CJS+R/R","x":-206,"y":1510,"fields":{"interval":1,"offset":0},"inputs":{"statements":{"block":{"type":"amg8833_read","id":"D@z~RiA,h.Z6iIP.yM*1","next":{"block":{"type":"mqtt_publish_bytes","id":"7u:#wZNAh2;/7c=izgw5","fields":{"topic":"ioty567"},"inputs":{"value":{"block":{"type":"amg8833_get_buf","id":"rD04dIaygP_5MLCIai^j","fields":{"format":"INT_16LE"}}}}}}}}}}]},"variables":[{"name":"cmds","id":"g0Q_mv`;cEh+{;[VLn;q"},{"name":"dir","id":"?qnC)Qbnzhi0^0Ra:8D;"},{"name":"speed","id":"emeg8Fx:#piYNEe=Gc|M"},{"name":"list","id":"+UwTmtg43A,{wt)k$X{?"}]}