{"blocks":{"languageVersion":0,"blocks":[{"type":"when_started","id":"Q!^ZqS4/(a/0XL$cIi-~","x":241,"y":49,"fields":{"start_type":"RUN"},"next":{"block":{"type":"connect_to_wifi","id":"j..RCXby}WXP]pEL6B^v","fields":{"ssid":"Pixel_8185","password":"ztij1234"},"next":{"block":{"type":"text_print","id":"a!(3#7[Ms(J])zv2#^gy","inputs":{"TEXT":{"shadow":{"type":"text","id":"Bv.n)3P{7qna*TUy`Arp","fields":{"TEXT":"connected to wifi"}}}},"next":{"block":{"type":"mqtt_connect_to_server","id":"rf[hvqRjv_oZ7*%~+Upt","fields":{"server":"mqtt.a9i.sg","port":"1883","name":"ioty567","password":"ioty567","ssl":"NO_SSL"},"next":{"block":{"type":"text_print","id":"/-jJc83jwE|0(j@GqlW9","inputs":{"TEXT":{"shadow":{"type":"text","id":"6~D/J0|3)YV`[#*sC.}W","fields":{"TEXT":"connected to mqtt"}}}},"next":{"block":{"type":"camera_init","id":"4N3!Xs--,;B!rDm7k8~5","fields":{"format":"JPEG","framesize":"FRAME_QVGA","clock":"XCLK_20MHz"},"next":{"block":{"type":"text_print","id":"?6ZzdpGv`vhT]sl3tP{#","inputs":{"TEXT":{"shadow":{"type":"text","id":"R!xJ?|v_T^kb2:@2WoJl","fields":{"TEXT":"camera"}}}},"next":{"block":{"type":"controls_whileUntil","id":"EQx?@j`)2.A}YyISE5Mw","fields":{"MODE":"WHILE"},"inputs":{"BOOL":{"shadow":{"type":"logic_boolean","id":";z6jLEi#Ukgo`/FALDst","fields":{"BOOL":"TRUE"}}},"DO":{"block":{"type":"mqtt_publish_bytes","id":"VjWbWCEh^%2FwPD*@=dT","fields":{"topic":"ioty567/camera"},"inputs":{"value":{"block":{"type":"camera_capture","id":"y}(*l[o!]g`rL|@bGqvW"}}},"next":{"block":{"type":"sleep","id":"`nyhfW.k%uiTpGN1uIuT","fields":{"units":"SECONDS"},"inputs":{"duration":{"shadow":{"type":"math_number","id":"xOmQc1W}UH!~+6^{@NM5","fields":{"NUM":0.01}}}},"next":{"block":{"type":"mqtt_check_msg","id":".+C42O?+uD;!ps|PNDBd"}}}}}}}}}}}}}}}}}}}}}},{"type":"mqtt_on_receive","id":"fcfA8B|Ir#os,p#]zXOL","x":39,"y":415,"fields":{"topic":"ioty567/results"},"inputs":{"statements":{"block":{"type":"variables_set","id":"O.lc!cdD0KOoB@[mrJra","fields":{"VAR":{"id":"Tb:.[dwhsdwwtQ=DK.on"}},"inputs":{"VALUE":{"block":{"type":"json_loads","id":"qKDq5n49KVSXP?S`|q!a","inputs":{"value":{"block":{"type":"mqtt_msg","id":"|x[3Svg9n^jL9wA}1=Vi"}}}}}},"next":{"block":{"type":"controls_forEach","id":"1JO`dfg]WeCo!Pm:i,([","fields":{"VAR":{"id":"4F;nN-pwVKe#u99sUhzi"}},"inputs":{"LIST":{"block":{"type":"variables_get","id":"95a!3%O0_qSk?Rh@8XZ2","fields":{"VAR":{"id":"Tb:.[dwhsdwwtQ=DK.on"}}}},"DO":{"block":{"type":"controls_if","id":"0xH#]h@)k9YPD{UA1#EZ","extraState":{"hasElse":true},"inputs":{"IF0":{"block":{"type":"logic_compare","id":"e5-Et2E6OG{|.wGj}^tm","fields":{"OP":"EQ"},"inputs":{"A":{"shadow":{"type":"math_number","id":"F1D?|XR4inUkU9X!weQb","fields":{"NUM":0}},"block":{"type":"dict_key_value_input","id":"bL@Ikb.#mK~RinvdP$|%","extraState":{"itemCount":1},"inputs":{"variable":{"shadow":{"type":"variables_get","id":"4{spx2{6olbb-K~bnbNb","fields":{"VAR":{"id":"4F;nN-pwVKe#u99sUhzi","name":"item","type":""}}},"block":{"type":"variables_get","id":"_i^^G|TrYM:Qwd=FLTy{","fields":{"VAR":{"id":"4F;nN-pwVKe#u99sUhzi"}}}},"key0":{"shadow":{"type":"text","id":"|Z,YMZP(u|^+GqmnH6?l","fields":{"TEXT":"name"}}}}}},"B":{"shadow":{"type":"math_number","id":"ib5,dJy5s*05=(eG-QYb","fields":{"NUM":0}},"block":{"type":"text","id":"mUV1Lc]+vPe).h`Pqy`m","fields":{"TEXT":"person"}}}}}},"DO0":{"block":{"type":"digital_write_pin","id":"HHD~lV5z|xvvR]B#Ugc/","fields":{"pin":"4"},"inputs":{"value":{"shadow":{"type":"math_number","id":":{Y)HYxk9#BmAa2nT3U+","fields":{"NUM":1}}}},"next":{"block":{"type":"text_print","id":"(9mK%5fUzwKscJ@E(B7b","inputs":{"TEXT":{"shadow":{"type":"text","id":"FH9Ba1:$ZLPPuop)Vijm","fields":{"TEXT":":)"}}}}}}}},"ELSE":{"block":{"type":"digital_write_pin","id":"{v.|$+x^b!Y(]0yOW=r8","fields":{"pin":"4"},"inputs":{"value":{"shadow":{"type":"math_number","id":"fshrY|K36z=(+Hn:H3!4","fields":{"NUM":0}}}},"next":{"block":{"type":"text_print","id":"lZxREO`v#bhh~C{QKY5G","inputs":{"TEXT":{"shadow":{"type":"text","id":"oz54fDG+!8/iyPThaJ-(","fields":{"TEXT":":("}}}}}}}}}}}}}}}}}},{"type":"set_pin_mode","id":"PvIRf0ej{7PrjoQ;1)Wg","x":853,"y":961,"enabled":false,"fields":{"pin":"0","mode":"INPUT"}},{"type":"logic_compare","id":"cBRTyq6U4D2z{^WLwht9","x":846,"y":938,"enabled":false,"fields":{"OP":"EQ"}},{"type":"logic_ternary","id":"(Z:H^gKOY#e65E(8:};R","x":599,"y":865,"enabled":false}]},"variables":[{"name":"results","id":"Tb:.[dwhsdwwtQ=DK.on"},{"name":"j","id":"|nY/=BSo;Ot#QGA[]Lu_"},{"name":"item","id":"4F;nN-pwVKe#u99sUhzi"}]}