{"blocks":{"languageVersion":0,"blocks":[{"type":"when_started","id":"Q!^ZqS4/(a/0XL$cIi-~","x":-128,"y":-87,"fields":{"start_type":"RUN"},"next":{"block":{"type":"connect_to_wifi","id":"xsMAvcvHCr}BzKMI_-li","fields":{"ssid":"SSID","password":"password"},"next":{"block":{"type":"digital_write_pin","id":"g@^~P}=%FbV:A+glrr`1","fields":{"pin":"2"},"inputs":{"value":{"shadow":{"type":"math_number","id":"ApOJuUANP)qW@l87P/@f","fields":{"NUM":1}}}},"next":{"block":{"type":"mqtt_connect_to_server","id":"Gn[*QZtFB_r3R^M46CW+","fields":{"server":"mqtt.a9i.sg","port":"1883","name":"name","password":"password","ssl":"NO_SSL"},"next":{"block":{"type":"digital_write_pin","id":"PV,ijp}DYFtpkMB1Vkbm","fields":{"pin":"2"},"inputs":{"value":{"shadow":{"type":"math_number","id":"y7W{vQksansBdj:K1c?A","fields":{"NUM":0}}}},"next":{"block":{"type":"controls_whileUntil","id":"1!E@pPooU7h`iuQ7e|5.","fields":{"MODE":"WHILE"},"inputs":{"BOOL":{"shadow":{"type":"logic_boolean","id":"mz2$UgLaQow!1nY;?(;_","fields":{"BOOL":"TRUE"}}},"DO":{"block":{"type":"mqtt_publish","id":"G{F#3}k^=D2pT?sadt)2","fields":{"topic":"username"},"inputs":{"value":{"shadow":{"type":"text","id":"NT#.{qH_JC{y%}zy5Zz]","fields":{"TEXT":"hello"}},"block":{"type":"type_cast","id":"r[FnM|zOz-XY|3wf_~3M","fields":{"type":"STRING"},"inputs":{"value":{"block":{"type":"time","id":"kf`_1$xM@3baqM:{N+LF","fields":{"units":"SECONDS"}}}}}}},"next":{"block":{"type":"sleep","id":"#cmzyCb]VehJ-v]laE#o","fields":{"units":"SECONDS"},"inputs":{"duration":{"shadow":{"type":"math_number","id":"+qdy]r]ule5:3fvucOaz","fields":{"NUM":1}}}},"next":{"block":{"type":"mqtt_check_msg","id":"Q9lOclx`2/ZrhkktuVv8"}}}}}}}}}}}}}}}}}},{"type":"set_pin_mode","id":"PvIRf0ej{7PrjoQ;1)Wg","x":853,"y":961,"enabled":false,"fields":{"pin":"0","mode":"INPUT"}},{"type":"logic_compare","id":"cBRTyq6U4D2z{^WLwht9","x":846,"y":938,"enabled":false,"fields":{"OP":"EQ"}},{"type":"logic_ternary","id":"(Z:H^gKOY#e65E(8:};R","x":599,"y":865,"enabled":false},{"type":"mqtt_on_receive","id":"_LpHT,l9=o$y43qS%{|m","x":-128,"y":242,"fields":{"topic":"topic"},"inputs":{"statements":{"block":{"type":"analog_write_pin","id":"fj54gtCOF#~|%2[F0CT:","fields":{"pin":"2"},"inputs":{"value":{"shadow":{"type":"math_number","id":"vglp0(/$uiyK2/|5I]:D","fields":{"NUM":1023}},"block":{"type":"type_cast","id":";B;26rvkXxw:-/qHQY6j","fields":{"type":"INTEGER"},"inputs":{"value":{"block":{"type":"variables_get","id":"ADr*!4]=@STo!k,BH+94","fields":{"VAR":{"id":"Ugw.1fgKo8#JDOJE^0b:"}}}}}}}}}}}}]},"variables":[{"name":"results","id":"Tb:.[dwhsdwwtQ=DK.on"},{"name":"j","id":"|nY/=BSo;Ot#QGA[]Lu_"},{"name":"item","id":"4F;nN-pwVKe#u99sUhzi"},{"name":"mqtt_msg","id":"Ugw.1fgKo8#JDOJE^0b:"}]}